Title,Image
CNC Spindle Motor Mount Clamp 65mm,https://drive.google.com/thumbnail?id=1ex7THgYLM7s44tkcg3aIpjSBIunjF2E1&sz=w1000
Aluminum CNC Workpiece Hold Down Clamp,https://drive.google.com/thumbnail?id=1Ux4ZVSPYlTV_wyQhDEc3wkqi8J_ulNvb&sz=w1000
ER11 Precision Collet Chuck Set,https://drive.google.com/thumbnail?id=1_zC2NBA14B8gC0IhQGBgK9r_OsFKYk4b&sz=w1000
CNC Tool Holder BT30 Set 10pcs,https://drive.google.com/thumbnail?id=1SltLMDA-hHN6mXH4Lgmgcis4yCmhIbaW&sz=w1000
Automatic CNC Lubrication Oil Pump,https://drive.google.com/thumbnail?id=1C9sCfX2dk9s6jYVQ8E4ODxHSSC_Bi0Hc&sz=w1000
CNC Machine Dust Shoe Cover 52mm,https://drive.google.com/thumbnail?id=1RbgUq2XI7vjmo-WiIhm39IwtyH7e2Ppv&sz=w1000
High Precision Parallel CNC Vise Clamp,https://drive.google.com/thumbnail?id=1irH-Ed6-ohoq4V-kl-uVrqB6N-pvtSiD&sz=w1000
CNC T-slot Table Clamping Kit M6,https://drive.google.com/thumbnail?id=1H5uHgZSFYe_LBU_SJi0lHwCjoLl4jVh9&sz=w1000
CNC Linear Rail Guide Block HGR20,https://drive.google.com/thumbnail?id=1m-8Nm8J_asZlLLfXfidMh1qHtW-SdWHr&sz=w1000
CNC Anti Backlash Ball Screw Nut,https://drive.google.com/thumbnail?id=1tt9K6sr85LuHhgafn82_vLfFMp_e2XeI&sz=w1000
Carbide End Mill 2 Flute 6mm CNC Cutter,https://drive.google.com/thumbnail?id=1nSGYTt8Una-BSe_Zl5_yYxgozD8vWByt&sz=w1000
Single Flute Aluminum Engraving Bit,https://drive.google.com/thumbnail?id=1GV-OWqqYblSJxNXNUyuwqDOBkM2ohbro&sz=w1000
Wood MDF Compression Router Bit,https://drive.google.com/thumbnail?id=1xmH0qwiTmyBLp_Dur4uXQNnEBNGq5TZZ&sz=w1000
Spiral Upcut CNC Milling Cutter,https://drive.google.com/thumbnail?id=1JSbfR3LlWCDTb0BqF7al2NecnVZF-4EE&sz=w1000
Spiral Downcut Wood Cutting Bit,https://drive.google.com/thumbnail?id=1Jep6GdL1jUOpk7HlH3HxW_oWJQhKJoaS&sz=w1000
Ball Nose Engraving End Mill Tool,https://drive.google.com/thumbnail?id=1Q2dRJKlVfNF0wvdYNcqF3iX6JYmY-Qp2&sz=w1000
V-Bit CNC Engraving Cutter 60°,https://drive.google.com/thumbnail?id=1BJK0-IKLeQ0RaApDcy_oDcZ2NC2FGsDx&sz=w1000
Acrylic Cutting CNC Router Bit,https://drive.google.com/thumbnail?id=1-U3hitNL491o7pTIgUunuItm61TaptkX&sz=w1000
Diamond Coated Carbon Fiber Cutter,https://drive.google.com/thumbnail?id=1IAuKQXVbMI6GTX-gk5zpxMcGKj9WLim8&sz=w1000
Roughing End Mill CNC Tool,https://drive.google.com/thumbnail?id=1BIwSlPm61WNxiW8Xfc1k_KyNvd1kF-s2&sz=w1000
MDF Spoilboard Surfacing Bit,https://drive.google.com/thumbnail?id=1CYAP8Pz24kjyTkra7cXWp3d-IOMptwAH&sz=w1000
Aluminum Cutting End Mill HRC55,https://drive.google.com/thumbnail?id=1WQR00rn-w6Wh4ibgyjNMBAQrcbqYBax9&sz=w1000
PCD Engraving Tool Carbon Fiber Cutter,https://drive.google.com/thumbnail?id=1zXanHWf5KjQWmh5xd1yZ-wKD7nSnLcX2&sz=w1000
Stone Granite CNC Milling Bit,https://drive.google.com/thumbnail?id=1pJ-KDpGHFNCs9ynZnvVnBEK4y1ZH2G0S&sz=w1000